election,cls,pred_resid,pred_naive,arm
fed2004,IND,1.81022118886312,1.55503477472029,resid
fed2004,OTH,3.35337002913157,2.90587306387125,resid
fed2004,OTH_RIGHT,4.60959393342336,3.95827033565165,resid
fed2004,ONP,1.40350371519725,1.20947149144912,resid
fed2007,OTH,1.68064575131697,1.47558649517307,resid
fed2007,OTH_RIGHT,4.1784364192179,3.85181180466213,resid
fed2007,IND,3.02153974910008,2.95986899426828,resid
fed2007,ONP,0.611515758578828,0.54029042806406,resid
fed2010,OTH,0.657895612351117,0.620034316562394,resid
fed2010,OTH_RIGHT,2.09932063005917,2.62397929846449,resid
fed2010,ONP,0.2423510560156,0.167708352530167,resid
fed2010,IND,2.40478599841465,2.38664608437111,resid
fed2013,OTH,0.813812507055072,1.14188520259211,resid
fed2013,OTH_RIGHT,15.4688792003847,6.31897134445582,resid
fed2013,IND,1.72794010784104,2.54433057655856,resid
fed2013,ONP,0.110375181484246,0.154311558331637,resid
fed2016,IND,2.63919000596697,2.41391286940972,resid
fed2016,OTH,1.02287573076398,1.22509756268054,resid
fed2016,OTH_RIGHT,3.41832761454159,4.5418462733447,resid
fed2016,ONP,0.204595165097079,0.16111591648802,resid
fed2019,OTH,1.61314440287341,1.62143438332944,resid
fed2019,OTH_RIGHT,9.52688160490533,6.34787807297521,resid
fed2019,IND,3.50151088955266,4.02883439759932,resid
fed2019,ONP,6.96472521580715,4.78399131132619,resid
fed2022,ONP,3.09521159824059,7.98685952782308,resid
fed2022,OTH,4.45533765598523,3.13749196727439,resid
fed2022,OTH_RIGHT,5.4744583738817,7.06530754980572,resid
fed2022,IND,3.47620496453871,3.76097227152838,resid
fed2025,ONP,4.30884378712759,4.89061453579955,resid
fed2025,OTH,2.13411843921,2.57088690634229,resid
fed2025,OTH_RIGHT,5.59427567642212,6.16505456187365,resid
fed2025,IND,6.73429832133806,6.77004458097118,resid
nsw2015,OTH,2.66872284232929,2.76146611998227,resid
nsw2015,OTH_RIGHT,2.48401341771567,2.35611329503074,resid
nsw2015,IND,1.98338436567655,1.49473854200875,resid
nsw2019,OTH,3.5133294443339,2.88612402140964,resid
nsw2019,IND,3.58323032148792,3.50472017273433,resid
nsw2019,OTH_RIGHT,1.78576900781008,2.27516119967126,resid
nsw2019,ONP,2.24526716535139,0.320034515740996,resid
nsw2023,OTH,4.31320418744183,4.1675536129268,resid
nsw2023,OTH_RIGHT,2.05926046504471,3.09181696680585,resid
nsw2023,IND,5.18072506172285,6.374370712469,resid
nsw2023,ONP,1.04690428847986,1.47710181510516,resid
qld2017,ONP,3.65105738526299,1.71098703567709,resid
qld2017,IND,5.30456000282651,2.66465194080858,resid
qld2017,OTH,0.864635450499398,0.22439174238388,resid
qld2017,OTH_RIGHT,0.81485234555744,0.28048967797985,resid
qld2020,ONP,22.4167076286143,20.3764547540763,resid
qld2020,OTH,1.70463923038102,2.56485846153074,resid
qld2020,OTH_RIGHT,4.51266615812051,4.30830030601071,resid
qld2020,IND,5.33403399234353,4.32577305363366,resid
qld2024,IND,2.22602462836843,1.60362717219065,resid
qld2024,ONP,4.74654599399278,7.33713600667007,resid
qld2024,OTH_RIGHT,4.74390709884585,4.99384957476141,resid
qld2024,OTH,1.33855339137353,1.47307162357535,resid
sa2018,OTH,2.87314058409797,2.04196485569331,resid
sa2018,IND,6.2627392133077,2.67026173436818,resid
sa2018,OTH_RIGHT,5.60472895304362,1.72781641635588,resid
sa2022,OTH,1.23600727085411,1.08131670960974,resid
sa2022,OTH_RIGHT,3.58215876277428,3.61772271345359,resid
sa2022,ONP,4.18145310170519,1.07326078146668,resid
sa2022,IND,7.59029371601155,12.4347977954601,resid
sa2026,IND,7.30954141917401,11.0941854836959,resid
sa2026,ONP,5.22357382113059,6.51908485079093,resid
sa2026,OTH_RIGHT,7.25699849874312,6.85829416377567,resid
sa2026,OTH,3.69234003471457,4.29451033229426,resid
vic2010,IND,5.05002815501635,2.05474996659658,resid
vic2010,OTH,1.88718930094741,1.42462664350696,resid
vic2010,OTH_RIGHT,3.57693812459014,2.87664995323521,resid
vic2014,IND,3.42193998790021,3.79186210348904,resid
vic2014,OTH,1.40116036396136,1.32030383906326,resid
vic2014,OTH_RIGHT,3.85931964261794,4.04723042227666,resid
vic2018,IND,4.86364511029369,4.78667176704307,resid
vic2018,OTH,4.00001328670527,2.58652884784354,resid
vic2018,OTH_RIGHT,1.10524249581602,0.934248996237067,resid
vic2022,IND,6.60246571107414,6.18519782400059,resid
vic2022,OTH,4.70096096682523,5.73436251713792,resid
vic2022,OTH_RIGHT,4.21810841982603,5.51181568088103,resid
vic2022,ONP,0.351563829937994,0.110708385559833,resid
wa2005,ONP,3.77763675128836,3.73702254905179,resid
wa2005,OTH,8.31643529845473,7.94492101598431,resid
wa2005,IND,5.47117865535506,5.43297054700414,resid
wa2008,OTH,5.19370706091615,4.90192484389364,resid
wa2008,IND,5.2995137538135,5.23625333718892,resid
wa2013,OTH,4.60138907914705,3.82089921107319,resid
wa2013,IND,4.55196584071008,5.3013781018221,resid
wa2017,ONP,2.07737596042798,1.38436324929896,resid
wa2017,OTH,6.85660073645859,5.13664793510307,resid
wa2017,IND,2.12533055108391,2.58972507293308,resid
wa2021,ONP,2.6719188604138,5.72533630867968,resid
wa2021,OTH,6.97620125429197,6.42019193469701,resid
wa2021,IND,1.50805998553935,1.19888664395478,resid
wa2025,IND,2.2018070295902,1.61960215716969,resid
wa2025,ONP,3.18777414933918,1.41748636118699,resid
wa2025,OTH,5.27648851666509,4.89620123502592,resid
wa2025,OTH_RIGHT,2.15190790155602,1.18803736326587,resid
