election,seat,pollster,client,fieldwork_start,fieldwork_end,date_raw,published,sample_n,party,fp,tcp_party_a,tcp_party_b,tcp_a,source_url,row_type,seat_name,source
fed2016,Mayo (SA),ReachTEL,GetUp,2016-05-16,2016-05-16,16 May 2016,,681,L/NP,40,,,,https://www.pollbludger.net/2016/06/03/private-polling-round-bass-sturt-mayo-cowan/,poll,Mayo,Poll Bludger 3 Jun 2016 private polling round Bass/Sturt/Mayo/Cowan (page opened 2026-10-06; ReachTEL for GetUp 16 May 2016 n=681)
fed2016,Mayo (SA),ReachTEL,GetUp,2016-05-16,2016-05-16,16 May 2016,,681,NXT (IND),23.5,,,,https://www.pollbludger.net/2016/06/03/private-polling-round-bass-sturt-mayo-cowan/,poll,Mayo,Poll Bludger 3 Jun 2016; NXT (Rebekha Sharkie) keyed as IND because her forecast class is IND
fed2016,Mayo (SA),ReachTEL,GetUp,2016-05-16,2016-05-16,16 May 2016,,681,ALP,18,,,,https://www.pollbludger.net/2016/06/03/private-polling-round-bass-sturt-mayo-cowan/,poll,Mayo,Poll Bludger 3 Jun 2016
fed2016,Mayo (SA),ReachTEL,GetUp,2016-05-16,2016-05-16,16 May 2016,,681,GRN,10,,,,https://www.pollbludger.net/2016/06/03/private-polling-round-bass-sturt-mayo-cowan/,poll,Mayo,Poll Bludger 3 Jun 2016
nsw2023,Wakehurst,Sky News,,2023-03-01,2023-03-01,Mar 2023,,,L/NP,41,,,,https://kevinbonham.blogspot.com/2023/03/nsw-lower-house-2023-final-days-rolling.html,poll,Wakehurst,Kevin Bonham NSW Lower House 2023 final days. POLLSTER AND DATE UNCONFIRMED: label and 1 Mar date copied from the existing seat_polls.csv TCP-only row; the page does not state them; a web search on 2026-10-06 did not find the poll
nsw2023,Wakehurst,Sky News,,2023-03-01,2023-03-01,Mar 2023,,,IND,37,,,,https://kevinbonham.blogspot.com/2023/03/nsw-lower-house-2023-final-days-rolling.html,poll,Wakehurst,Kevin Bonham (Regan); pollster and date unconfirmed as above
nsw2023,Wakehurst,Sky News,,2023-03-01,2023-03-01,Mar 2023,,,ALP,11,,,,https://kevinbonham.blogspot.com/2023/03/nsw-lower-house-2023-final-days-rolling.html,poll,Wakehurst,Kevin Bonham; pollster and date unconfirmed as above
nsw2023,Wakehurst,Sky News,,2023-03-01,2023-03-01,Mar 2023,,,GRN,3,,,,https://kevinbonham.blogspot.com/2023/03/nsw-lower-house-2023-final-days-rolling.html,poll,Wakehurst,Kevin Bonham; pollster and date unconfirmed as above
nsw2023,Wakehurst,Sky News,,2023-03-01,2023-03-01,Mar 2023,,,OTH,8,,,,https://kevinbonham.blogspot.com/2023/03/nsw-lower-house-2023-final-days-rolling.html,poll,Wakehurst,Kevin Bonham; pollster and date unconfirmed as above
