election,seat,candidate,support_type,announced_date,source_url,verified
fed2016,,none,climate200,,https://www.climate200.com.au/about-us,yes
fed2022,ACT Senate,"POCOCK, David",climate200,,https://en.wikipedia.org/wiki/Climate_200,yes
fed2022,ACT Senate,"RUBENSTEIN, Kim",climate200,,https://en.wikipedia.org/wiki/Climate_200,yes
fed2022,Boothby,"DYER, Jo",climate200,,https://en.wikipedia.org/wiki/Climate_200,yes
fed2022,Bradfield,"BOELE, Nicolette",climate200,,https://en.wikipedia.org/wiki/Climate_200,yes
fed2022,Calare,"HOOK, Kate",climate200,,https://en.wikipedia.org/wiki/Climate_200,yes
fed2022,Casey,"FERRES MILES, Claire",climate200,,https://en.wikipedia.org/wiki/Climate_200,yes
fed2022,Clark,"WILKIE, Andrew",climate200,,https://en.wikipedia.org/wiki/Climate_200,yes
fed2022,Cowper,"HEISE, Caz",climate200,,https://en.wikipedia.org/wiki/Climate_200,yes
fed2022,Curtin,"CHANEY, Kate",climate200,,https://en.wikipedia.org/wiki/Climate_200,yes
fed2022,Flinders,"O'CONNOR, Despi",climate200,,https://en.wikipedia.org/wiki/Climate_200,yes
fed2022,Goldstein,"DANIEL, Zoe",climate200,,https://en.wikipedia.org/wiki/Climate_200,yes
fed2022,Grey,"HABERMANN, Liz",climate200,,https://en.wikipedia.org/wiki/Climate_200,yes
fed2022,Hughes,"STEELE, Georgia",climate200,,https://en.wikipedia.org/wiki/Climate_200,yes
fed2022,Indi,"HAINES, Helen",climate200,,https://en.wikipedia.org/wiki/Climate_200,yes
fed2022,Kooyong,"RYAN, Monique",climate200,,https://en.wikipedia.org/wiki/Climate_200,yes
fed2022,Mackellar,"SCAMPS, Sophie",climate200,,https://en.wikipedia.org/wiki/Climate_200,yes
fed2022,Mayo,"SHARKIE, Rebekha",climate200,,https://en.wikipedia.org/wiki/Climate_200,yes
fed2022,North Sydney,"TINK, Kylea",climate200,,https://en.wikipedia.org/wiki/Climate_200,yes
fed2022,Page,"LUKE, Hanabeth",climate200,,https://en.wikipedia.org/wiki/Climate_200,yes
fed2022,Tasmania Senate,"MINSHULL, Leanne",climate200,,https://en.wikipedia.org/wiki/Climate_200,yes
fed2022,Wannon,"DYSON, Alex",climate200,,https://en.wikipedia.org/wiki/Climate_200,yes
fed2022,Warringah,"STEGGALL, Zali",climate200,,https://en.wikipedia.org/wiki/Climate_200,yes
fed2022,Wentworth,"SPENDER, Allegra",climate200,,https://en.wikipedia.org/wiki/Climate_200,yes
fed2019,Warringah,"STEGGALL, Zali",climate200,,https://sbs.com.au/news/zali-steggall-1-1-million-in-donations-leads-funding-push-for-climate-action-candidates/2d9d795c-9789-4cae-a8bd-c453f3fd76e8,no
fed2025,Curtin,"CHANEY, Kate",climate200,,https://en.wikipedia.org/wiki/Climate_200,yes
fed2025,Goldstein,"DANIEL, Zoe",climate200,,https://en.wikipedia.org/wiki/Climate_200,yes
fed2025,Indi,"HAINES, Helen",climate200,,https://en.wikipedia.org/wiki/Climate_200,yes
fed2025,Kooyong,"RYAN, Monique",climate200,,https://en.wikipedia.org/wiki/Climate_200,yes
fed2025,Mackellar,"SCAMPS, Sophie",climate200,,https://en.wikipedia.org/wiki/Climate_200,yes
fed2025,Mayo,"SHARKIE, Rebekha",climate200,,https://en.wikipedia.org/wiki/Climate_200,yes
fed2025,Wentworth,"SPENDER, Allegra",climate200,,https://en.wikipedia.org/wiki/Climate_200,yes
fed2025,Clark,"WILKIE, Andrew",climate200,,https://en.wikipedia.org/wiki/Climate_200,yes
fed2025,Moncrieff,"ARROWSMITH, Nicole",climate200,,https://en.wikipedia.org/wiki/Climate_200,yes
fed2025,Moore,"BARTON, Nathan",climate200,,https://en.wikipedia.org/wiki/Climate_200,yes
fed2025,Bradfield,"BOELE, Nicolette",climate200,,https://en.wikipedia.org/wiki/Climate_200,yes
fed2025,Berowra,"BROWN, Tina",climate200,,https://en.wikipedia.org/wiki/Climate_200,yes
fed2025,Forrest,"CHAPMAN, Sue",climate200,,https://en.wikipedia.org/wiki/Climate_200,yes
fed2025,Sturt,"COOPER, Verity",climate200,,https://en.wikipedia.org/wiki/Climate_200,yes
fed2025,Gilmore,"DEZARNAULDS, Kate",climate200,,https://en.wikipedia.org/wiki/Climate_200,yes
fed2025,Wannon,"DYSON, Alex",climate200,,https://en.wikipedia.org/wiki/Climate_200,yes
fed2025,Casey,"FERRES MILES, Claire",climate200,,https://en.wikipedia.org/wiki/Climate_200,yes
fed2025,Franklin,"GEORGE, Peter",climate200,,https://en.wikipedia.org/wiki/Climate_200,yes
fed2025,Cowper,"HEISE, Caz",climate200,,https://en.wikipedia.org/wiki/Climate_200,yes
fed2025,Groom,"HOLT, Suzie",climate200,,https://en.wikipedia.org/wiki/Climate_200,yes
fed2025,Calare,"HOOK, Kate",climate200,,https://en.wikipedia.org/wiki/Climate_200,yes
fed2025,Fremantle,"HULETT, Kate",climate200,,https://en.wikipedia.org/wiki/Climate_200,yes
fed2025,Fisher,"JONES, Keryn",climate200,,https://en.wikipedia.org/wiki/Climate_200,yes
fed2025,Grey,"KUSS, Anita",climate200,,https://en.wikipedia.org/wiki/Climate_200,yes
fed2025,Monash,"LEONARD, Deb",climate200,,https://en.wikipedia.org/wiki/Climate_200,yes
fed2025,Lyne,"MILLER, Jeremy",climate200,,https://en.wikipedia.org/wiki/Climate_200,yes
fed2025,Farrer,"MILTHORPE, Michelle",climate200,,https://en.wikipedia.org/wiki/Climate_200,yes
fed2025,McPherson,"MURRAY-BARTLETT, Erchana",climate200,,https://en.wikipedia.org/wiki/Climate_200,yes
fed2025,Deakin,"NESS, Jess",climate200,,https://en.wikipedia.org/wiki/Climate_200,yes
fed2025,Bean,"PRICE, Jessie",climate200,,https://en.wikipedia.org/wiki/Climate_200,yes
fed2025,Riverina,"ROLFE, Jenny",climate200,,https://en.wikipedia.org/wiki/Climate_200,yes
fed2025,Solomon,"SCOTT, Phil",climate200,,https://en.wikipedia.org/wiki/Climate_200,yes
fed2025,Flinders,"SMITH, Ben",climate200,,https://en.wikipedia.org/wiki/Climate_200,yes
fed2025,Dickson,"SMITH, Ellie",climate200,,https://en.wikipedia.org/wiki/Climate_200,yes
fed2025,Fairfax,"WIIG, Francine",climate200,,https://en.wikipedia.org/wiki/Climate_200,yes
vic2022,Bellarine,"FENTON, Sarah",climate200,,https://en.wikipedia.org/wiki/Climate_200,yes
vic2022,Benambra,"HAWKINS, Jacqui",climate200,,https://en.wikipedia.org/wiki/Climate_200,yes
vic2022,Brighton,"FREDERICO, Felicity",climate200,,https://en.wikipedia.org/wiki/Climate_200,yes
vic2022,Caulfield,"KALTMANN, Nomi",climate200,,https://en.wikipedia.org/wiki/Climate_200,yes
vic2022,Hawthorn,"LOWE, Melissa",climate200,,https://en.wikipedia.org/wiki/Climate_200,yes
vic2022,Kew,"TORNEY, Sophie",climate200,,https://en.wikipedia.org/wiki/Climate_200,yes
vic2022,Mornington,"LARDNER, Kate",climate200,,https://en.wikipedia.org/wiki/Climate_200,yes
vic2022,Sandringham,"MARTIN, Clarke",climate200,,https://en.wikipedia.org/wiki/Climate_200,yes
nsw2023,Lane Cove,"DAVIDSON, Victoria",climate200,,https://en.wikipedia.org/wiki/Climate_200,yes
nsw2023,Manly,"HACKMAN, Joeline",climate200,,https://en.wikipedia.org/wiki/Climate_200,yes
nsw2023,North Shore,"CONWAY, Helen",climate200,,https://en.wikipedia.org/wiki/Climate_200,yes
nsw2023,Pittwater,"SCRUBY, Jacqui",climate200,,https://en.wikipedia.org/wiki/Climate_200,yes
nsw2023,Vaucluse,"FREYER, Karen",climate200,,https://en.wikipedia.org/wiki/Climate_200,yes
nsw2023,Wollondilly,"HANNAN, Judith",climate200,,https://en.wikipedia.org/wiki/Climate_200,yes
nsw2023,Sydney,"GREENWICH, Alex",climate200,,https://en.wikipedia.org/wiki/Climate_200,yes
nsw2023,Legislative Council,"FARRELLY, Elizabeth",climate200,,https://en.wikipedia.org/wiki/Climate_200,yes
vic2026,Kew,"TORNEY, Sophie",climate200,2026-09-15,https://newshub.medianet.com.au/2026/09/climate-200-kicks-off-support-for-victorian-election-community-independents/171412/,yes
vic2026,Hawthorn,"IBUKI, Shima",climate200,2026-09-15,https://newshub.medianet.com.au/2026/09/climate-200-kicks-off-support-for-victorian-election-community-independents/171412/,yes
vic2026,Mornington,"GOFFIN, Melissa",climate200,2026-09-15,https://newshub.medianet.com.au/2026/09/climate-200-kicks-off-support-for-victorian-election-community-independents/171412/,yes
fed2022,Indi,"HAINES, Helen",voices,,https://en.wikipedia.org/wiki/Voices_movement_(Australia),yes
fed2022,Warringah,"STEGGALL, Zali",voices,,https://en.wikipedia.org/wiki/Voices_movement_(Australia),yes
fed2022,Wentworth,"SPENDER, Allegra",voices,,https://en.wikipedia.org/wiki/Voices_movement_(Australia),yes
fed2022,Kooyong,"RYAN, Monique",voices,,https://en.wikipedia.org/wiki/Voices_movement_(Australia),yes
fed2022,North Sydney,"TINK, Kylea",voices,,https://en.wikipedia.org/wiki/Voices_movement_(Australia),yes
fed2022,Goldstein,"DANIEL, Zoe",voices,,https://en.wikipedia.org/wiki/Voices_movement_(Australia),yes
fed2022,Mackellar,"SCAMPS, Sophie",voices,,https://en.wikipedia.org/wiki/Voices_movement_(Australia),yes
fed2022,Curtin,"CHANEY, Kate",voices,,https://en.wikipedia.org/wiki/Voices_movement_(Australia),yes
fed2022,Bradfield,"BOELE, Nicolette",voices,,https://en.wikipedia.org/wiki/Voices_movement_(Australia),yes
fed2022,Calare,"HOOK, Kate",voices,,https://en.wikipedia.org/wiki/Voices_movement_(Australia),yes
fed2022,Boothby,"DYER, Jo",voices,,https://en.wikipedia.org/wiki/Voices_movement_(Australia),yes
fed2025,Bean,"PRICE, Jessie",voices,,https://www.communityindependentsproject.org/community-electorate-groups,yes
fed2025,Berowra,"BROWN, Tina",voices,,https://www.communityindependentsproject.org/community-electorate-groups,yes
fed2025,Calare,"HOOK, Kate",voices,,https://www.communityindependentsproject.org/community-electorate-groups,yes
fed2025,Casey,"FERRES MILES, Claire",voices,,https://www.communityindependentsproject.org/community-electorate-groups,yes
fed2025,Chisholm,"DAVIES, Kath",voices,,https://www.communityindependentsproject.org/community-electorate-groups,yes
fed2025,Corangamite,"LOCKHART, Kate",voices,,https://www.communityindependentsproject.org/community-electorate-groups,yes
fed2025,Cowper,"HEISE, Caz",voices,,https://www.communityindependentsproject.org/community-electorate-groups,yes
fed2025,Curtin,"CHANEY, Kate",voices,,https://www.communityindependentsproject.org/community-electorate-groups,yes
fed2025,Deakin,"NESS, Jess",voices,,https://www.communityindependentsproject.org/community-electorate-groups,yes
fed2025,Dickson,"SMITH, Ellie",voices,,https://www.communityindependentsproject.org/community-electorate-groups,yes
fed2025,Fairfax,"WIIG, Francine",voices,,https://www.communityindependentsproject.org/community-electorate-groups,yes
fed2025,Farrer,"MILTHORPE, Michelle",voices,,https://www.communityindependentsproject.org/community-electorate-groups,yes
fed2025,Fisher,"JONES, Keryn",voices,,https://www.communityindependentsproject.org/community-electorate-groups,yes
fed2025,Flinders,"SMITH, Ben",voices,,https://www.communityindependentsproject.org/community-electorate-groups,yes
fed2025,Forrest,"CHAPMAN, Sue",voices,,https://www.communityindependentsproject.org/community-electorate-groups,yes
fed2025,Franklin,"GEORGE, Peter",voices,,https://www.communityindependentsproject.org/community-electorate-groups,yes
fed2025,Fremantle,"HULETT, Kate",voices,,https://www.communityindependentsproject.org/community-electorate-groups,yes
fed2025,Gilmore,"DEZARNAULDS, Kate",voices,,https://www.communityindependentsproject.org/community-electorate-groups,yes
fed2025,Jagajaga,"KEARNEY, Chris",voices,,https://www.communityindependentsproject.org/community-electorate-groups,yes
fed2025,Lyne,"MILLER, Jeremy",voices,,https://www.communityindependentsproject.org/community-electorate-groups,yes
fed2025,McPherson,"MURRAY-BARTLETT, Erchana",voices,,https://www.communityindependentsproject.org/community-electorate-groups,yes
fed2025,Groom,"HOLT, Suzie",voices,,https://en.wikipedia.org/wiki/Voices_movement_(Australia),no
vic2026,Malvern,"ZIGOURAS, Christina",voices,2026-08,https://www.communityindependentsproject.org/community-electorate-groups,yes
